Aligner,Metric,Mean,Std,Min,Max,Count
mea,column_identity,0.6563008843144792,0.3675092736517057,0.0,1.0,547
viterbi,column_identity,0.8454359716574052,0.26559305816680456,0.0648854961832061,1.0,547
mea,f1,0.9130617324226602,0.16522541861614892,0.0,1.0,547
viterbi,f1,0.9197181141991615,0.1565651502488128,0.0,1.0,547
mea,precision,0.9524628658049593,0.13369058616763238,0.0,1.0,547
viterbi,precision,0.9172232383962636,0.15944833678600148,0.0,1.0,547
mea,recall,0.8860599028669525,0.1897340358363984,0.0,1.0,547
viterbi,recall,0.922470788893233,0.1536846260684273,0.0,1.0,547
mea,sensitivity,0.8860599028669525,0.1897340358363984,0.0,1.0,547
viterbi,sensitivity,0.922470788893233,0.1536846260684273,0.0,1.0,547
mea,specificity,0.9997614845488011,0.0005539617463861616,0.9956744633130407,1.0,547
viterbi,specificity,0.9992998463752205,0.0013642568433709058,0.9886083743842364,1.0,547
