Aligner,Metric,Mean,Std,Min,Max,Count
mea,column_identity,0.8450074226487908,0.26522057713924085,0.046822742474916385,1.0,547
viterbi,column_identity,0.8454359716574052,0.26559305816680456,0.0648854961832061,1.0,547
mea,f1,0.9225600991645313,0.15287463185340516,0.0,1.0,547
viterbi,f1,0.9197181141991615,0.1565651502488128,0.0,1.0,547
mea,precision,0.9200725405873511,0.15579126770241694,0.0,1.0,547
viterbi,precision,0.9172232383962636,0.15944833678600148,0.0,1.0,547
mea,recall,0.9253165652491118,0.14995538686857668,0.0,1.0,547
viterbi,recall,0.922470788893233,0.1536846260684273,0.0,1.0,547
mea,sensitivity,0.9253165652491118,0.14995538686857668,0.0,1.0,547
viterbi,sensitivity,0.922470788893233,0.1536846260684273,0.0,1.0,547
mea,specificity,0.9993245156764244,0.0013322876038140837,0.9889162561576355,1.0,547
viterbi,specificity,0.9992998463752205,0.0013642568433709058,0.9886083743842364,1.0,547
