Aligner,Metric,Mean,Std,Min,Max,Count
mea,column_identity,0.8349430931085912,0.2730653691028797,0.043478260869565216,1.0,547
viterbi,column_identity,0.8454359716574052,0.26559305816680456,0.0648854961832061,1.0,547
mea,f1,0.9225946697905479,0.1512945591345997,0.0,1.0,547
viterbi,f1,0.9197181141991615,0.1565651502488128,0.0,1.0,547
mea,precision,0.9210514483873913,0.15244069394554277,0.0,1.0,547
viterbi,precision,0.9172232383962636,0.15944833678600148,0.0,1.0,547
mea,recall,0.9244368980017944,0.15020530651169062,0.0,1.0,547
viterbi,recall,0.922470788893233,0.1536846260684273,0.0,1.0,547
mea,sensitivity,0.9244368980017944,0.15020530651169062,0.0,1.0,547
viterbi,sensitivity,0.922470788893233,0.1536846260684273,0.0,1.0,547
mea,specificity,0.9993442026277716,0.0012588788740295986,0.9898399014778325,1.0,547
viterbi,specificity,0.9992998463752205,0.0013642568433709058,0.9886083743842364,1.0,547
