Aligner,Metric,Mean,Std,Min,Max,Count
mea,column_identity,0.6943808938584464,0.3496905500434627,0.0,1.0,547
viterbi,column_identity,0.8454359716574052,0.26559305816680456,0.0648854961832061,1.0,547
mea,f1,0.9220056206380439,0.15251298274075267,0.0,1.0,547
viterbi,f1,0.9197181141991615,0.1565651502488128,0.0,1.0,547
mea,precision,0.9395847091915251,0.1360076007845221,0.0,1.0,547
viterbi,precision,0.9172232383962636,0.15944833678600148,0.0,1.0,547
mea,recall,0.9085962223209778,0.16681298323556035,0.0,1.0,547
viterbi,recall,0.922470788893233,0.1536846260684273,0.0,1.0,547
mea,sensitivity,0.9085962223209778,0.16681298323556035,0.0,1.0,547
viterbi,sensitivity,0.922470788893233,0.1536846260684273,0.0,1.0,547
mea,specificity,0.999593853245285,0.0008153641507571811,0.9947660098522167,1.0,547
viterbi,specificity,0.9992998463752205,0.0013642568433709058,0.9886083743842364,1.0,547
