Aligner,Metric,Mean,Std,Min,Max,Count
mea,column_identity,0.7104239029662499,0.3408690043778475,0.0,1.0,547
viterbi,column_identity,0.8454359716574052,0.26559305816680456,0.0648854961832061,1.0,547
mea,f1,0.9230087420931348,0.15113902400089874,0.0,1.0,547
viterbi,f1,0.9197181141991615,0.1565651502488128,0.0,1.0,547
mea,precision,0.9370658842993951,0.13751778530957376,0.0,1.0,547
viterbi,precision,0.9172232383962636,0.15944833678600148,0.0,1.0,547
mea,recall,0.9121697070414986,0.16321461825290892,0.0,1.0,547
viterbi,recall,0.922470788893233,0.1536846260684273,0.0,1.0,547
mea,sensitivity,0.9121697070414986,0.16321461825290892,0.0,1.0,547
viterbi,sensitivity,0.922470788893233,0.1536846260684273,0.0,1.0,547
mea,specificity,0.9995591547772921,0.0008723463071054853,0.9944581280788177,1.0,547
viterbi,specificity,0.9992998463752205,0.0013642568433709058,0.9886083743842364,1.0,547
